{"train_loss": [0.3961653580268224, 0.08836976662278176, 0.014906936666617791, 0.00865372335538268, 0.0046165958202133575, 0.00505036908822755, 0.005131413232690344, 0.004123549795864771, 0.001315098461539795, 0.001418614851233239, 0.0010572424410687138, 0.0011101820156909526, 0.0006959742420197775, 0.0008731279134129485, 0.0007011262399222081, 0.0008345828517728175, 0.0005180539747622485, 0.0009270179609302432, 0.0005571421002969146, 0.0004487366163327048, 0.0005646791454637423, 0.00044632417557295413, 0.0013419655559118837, 0.0006523954109676803, 0.0005521501860736559], "val_loss": [0.8803639610608419, 0.1624582568804423, 0.10849647006640832, 0.007700293945769469, 0.003801430809350374, 0.001222997313986222, 0.0015440549235790969, 0.0003293192246928811, 0.00023853698706564804, 0.00023852330826533338, 0.00021079125775334736, 0.00020203972429347534, 0.00017354423665286352, 0.0001676829483282442, 0.00015474429431681832, 0.00014111522565751026, 0.0001355756442838659, 0.00013757751245672503, 0.0001329536889291679, 0.00012762574284958344, 0.0001246324570577902, 0.00012240306726501632, 0.00014882604882586746, 0.00015503355825785547, 0.0001245715359497505], "val_acc": [0.5, 0.9833333333333333, 1.0, 1.0, 1.0, 1.0, 1.0, 1.0, 1.0, 1.0, 1.0, 1.0, 1.0, 1.0, 1.0, 1.0, 1.0, 1.0, 1.0, 1.0, 1.0, 1.0, 1.0, 1.0, 1.0]}